user,item,rating,
99999,7110928,0,
99999,60008032,0,
99999,60090367,0,
99999,006016848X,0,
99999,60557257,0,
99999,61031992,0,
99999,62502182,0,
99999,64471101,0,
99999,99993805,6,
99999,140042598,0,
99999,140276904,0,
99999,014027927X,0,
99999,140279288,0,
99999,140620338,0,
99999,142000221,0,
99999,316096199,0,
99999,316182540,0,
99999,330375253,0,
99999,345339711,10,
99999,345339738,10,
99999,345447840,0,
99999,380731851,0,
99999,380796104,0,
99999,385504209,10,
99999,440211727,0,
99999,440213282,0,
99999,440220602,0,
99999,440226406,0,
99999,446602612,0,
99999,446672211,0,
99999,451156609,0,
99999,451160444,0,
99999,451167317,0,
99999,451167805,0,
99999,451169514,0,
99999,451169522,0,
99999,451172817,0,
99999,451177096,0,
99999,515132020,0,
99999,553263218,0,
99999,553296981,4,
99999,590660543,0,
99999,618002227,10,
99999,671039725,0,
99999,671695304,0,
99999,743424425,0,
99999,749336501,0,
99999,749397543,0,
99999,1551667010,0,
99999,60176806,0,
99999,61009059,0,
99999,312265840,0,
99999,312291639,0,
99999,312966091,0,
99999,312966970,0,
99999,312976275,0,
99999,031298328X,0,
99999,312983867,0,
99999,312991460,0,
99999,316693324,0,
99999,375700757,0,
99999,385306024,0,
99999,385306040,0,
99999,385315236,0,
99999,385315309,0,
99999,038531695X,0,
99999,385319568,0,
99999,385333064,0,
99999,039914465X,0,
99999,399147128,0,
99999,425151867,0,
99999,440166497,0,
99999,440184053,0,
99999,440200563,0,
99999,044023722X,0,
99999,446601241,0,
99999,446603716,0,
99999,446603929,0,
99999,446605484,0,
99999,446606189,0,
99999,446609323,0,
99999,446609404,0,
99999,446610038,0,
99999,446611085,0,
99999,446612545,0,
99999,446613843,0,
99999,449003787,0,
99999,449005615,0,
99999,449213323,0,
99999,552998931,0,
99999,553295772,0,
99999,553568760,0,
99999,671001795,0,
99999,671014196,0,
99999,671867091,0,
99999,671867164,0,
99999,671886665,0,
99999,679781587,0,
99999,743230051,0,
99999,971880107,0,
99999,20199600,0,
99999,002542730X,0,
99999,28604202,0,
99999,312195516,0,
99999,345298349,0,
99999,345370775,0,
99999,345372050,0,
99999,034538184X,0,
99999,345386108,0,
99999,044021145X,0,
99999,440213525,0,
99999,440214041,0,
99999,446322180,0,
99999,446357405,0,
99999,449134482,0,
99999,449217264,0,
99999,449219569,0,
99999,449221393,0,
99999,449221431,0,
99999,449221873,0,
99999,451173139,0,
99999,051511264X,0,
99999,515113328,0,
99999,515120278,0,
99999,553560441,0,
99999,059035342X,0,
99999,671004530,0,
99999,671004549,0,
99999,671004573,0,
99999,671027123,0,
99999,671461494,0,
99999,671701231,0,
99999,671741195,0,
99999,671758896,0,
99999,671867172,0,
99999,671888587,0,
99999,679720200,0,
99999,684810395,0,
99999,684832291,0,
99999,080410526X,0,
99999,155874262X,0,
99999,000649840X,0,
99999,60086386,0,
99999,60175400,0,
99999,006019491X,0,
99999,60199652,0,
99999,60392452,0,
99999,60928336,0,
99999,60987529,0,
99999,006098824X,0,
99999,64400557,0,
99999,142000205,0,
99999,142001740,0,
99999,156005891,0,
99999,156006529,0,
99999,312244266,0,
99999,312278586,0,
99999,312305060,0,
99999,312978383,0,
99999,316569321,0,
99999,316666343,0,
99999,316781266,0,
99999,316782505,0,
99999,316789844,0,
99999,316899984,0,
99999,330367358,0,
99999,345339681,8,
99999,345353145,0,
99999,345370805,0,
99999,345443683,0,
99999,345446860,0,
99999,374281602,0,
99999,375400117,0,
99999,375411550,0,
99999,375506039,0,
99999,375703063,0,
99999,375703861,0,
99999,037570504X,0,
99999,375707972,0,
99999,375727345,0,
99999,380710811,0,
99999,380717018,0,
99999,380718332,0,
99999,380718340,0,
99999,380789035,0,
99999,038079487X,0,
99999,385312202,0,
99999,038531258X,0,
99999,385314744,0,
99999,385335121,0,
99999,385335482,0,
99999,385335881,0,
99999,385497466,0,
99999,385502532,0,
99999,385720106,0,
99999,385720955,0,
99999,425081818,0,
99999,425107469,0,
99999,425147622,0,
99999,425154092,0,
99999,425158616,0,
99999,425162443,0,
99999,425163407,0,
99999,440202043,0,
99999,440221471,0,
99999,044022165X,0,
99999,440222656,0,
99999,440223237,0,
99999,440224853,0,
99999,441005764,0,
99999,446310786,0,
99999,446359866,0,
99999,446364193,0,
99999,044651862X,0,
99999,446519081,0,
99999,446604402,0,
99999,446606383,0,
99999,446608955,0,
99999,044661162X,0,
99999,449002632,0,
99999,449006344,0,
99999,449911446,0,
99999,451184718,0,
99999,451184963,0,
99999,451191013,0,
99999,451210743,0,
99999,452260116,0,
99999,452264464,0,
99999,452282829,0,
99999,505525526,0,
99999,515130044,0,
99999,055326611X,0,
99999,553273914,0,
99999,553278002,0,
99999,553584049,0,
99999,590353403,0,
99999,067082982X,0,
99999,670839531,0,
99999,670844527,0,
99999,670858692,0,
99999,670894184,0,
99999,670894508,0,
99999,671021001,0,
99999,671027360,8,
99999,671038184,0,
99999,067169507X,0,
99999,679419454,0,
99999,679419462,0,
99999,679450432,0,
99999,067976402X,0,
99999,684857820,0,
99999,684859734,0,
99999,743417682,0,
99999,747532745,0,
99999,747538484,0,
99999,747546290,0,
99999,747551006,0,
99999,786866276,0,
99999,080410753X,0,
99999,804114986,0,
99999,080411868X,0,
99999,812543262,0,
99999,812570944,0,
99999,821776037,0,
99999,874776945,0,
99999,1565122968,0,
99999,1878424319,0,
99999,60934719,0,
99999,61031550,0,
99999,64407683,0,
99999,64407691,0,
99999,64408639,0,
99999,99464810,0,
99999,140233903,0,
99999,140620184,0,
99999,312421273,0,
99999,312954468,0,
99999,312971230,0,
99999,316779423,0,
99999,345335651,0,
99999,345345738,0,
99999,345350499,0,
99999,345391802,9,
99999,375760911,0,
99999,380730820,0,
99999,380789019,0,
99999,380977788,0,
99999,385486804,0,
99999,385492081,0,
99999,395977894,0,
99999,042511984X,0,
99999,425171493,0,
99999,425192725,0,
99999,440218535,0,
99999,441003257,0,
99999,446525731,0,
99999,446530239,0,
99999,446604666,0,
99999,446612790,0,
99999,449221482,0,
99999,449221504,0,
99999,449221512,0,
99999,449223604,0,
99999,449223612,0,
99999,515117234,0,
99999,552131067,0,
99999,552134619,0,
99999,552134651,0,
99999,552145424,0,
99999,552546933,0,
99999,553268880,0,
99999,553271636,0,
99999,553273299,0,
99999,553279556,0,
99999,553280341,0,
99999,553280368,0,
99999,553284789,0,
99999,553573136,0,
99999,553581929,0,
99999,671027387,0,
99999,671042262,0,
99999,671689746,0,
99999,679448594,0,
99999,679735771,0,
99999,743206045,0,
99999,743206061,0,
99999,743460529,0,
99999,749395990,0,
99999,3257228007,0,
99999,3746614007,0,
99999,60930535,0,
99999,006101351X,0,
99999,61093092,0,
99999,006109868X,0,
99999,014023313X,0,
99999,014028009X,0,
99999,014034893X,0,
99999,015600710X,0,
99999,312265859,0,
99999,312289723,0,
99999,312952716,0,
99999,312971346,0,
99999,312983301,0,
99999,312995423,0,
99999,316284955,0,
99999,316769487,0,
99999,316969443,0,
99999,034068948X,0,
99999,345335082,0,
99999,345382323,0,
99999,345413873,0,
99999,345417623,0,
99999,345420748,0,
99999,345422406,0,
99999,375506276,0,
99999,380704587,0,
99999,380727293,0,
99999,380817691,0,
99999,380820889,0,
99999,038082101X,0,
99999,038531700X,0,
99999,385334036,0,
99999,385474016,0,
99999,038550120X,0,
99999,399144463,0,
99999,399145885,0,
99999,399147195,0,
99999,399148248,0,
99999,399149155,0,
99999,399151648,0,
99999,425092917,0,
99999,042511774X,0,
99999,425146413,0,
99999,425167313,0,
99999,425168298,0,
99999,425172546,0,
99999,425172996,0,
99999,425174271,0,
99999,439425220,0,
99999,440111498,0,
99999,440206154,0,
99999,440217547,0,
99999,440221595,0,
99999,440226430,0,
99999,044023669X,0,
99999,440901588,0,
99999,440944597,0,
99999,441783589,0,
99999,446359637,0,
99999,446364495,0,
99999,044651747X,0,
99999,446525502,0,
99999,446525774,0,
99999,446525804,0,
99999,446527165,0,
99999,446531332,0,
99999,446600342,0,
99999,446603589,0,
99999,446604844,0,
99999,446606324,0,
99999,446607339,0,
99999,446607657,0,
99999,446607711,0,
99999,446608653,0,
99999,446608890,0,
99999,446610100,0,
99999,446611867,0,
99999,446611921,0,
99999,446615145,0,
99999,446675059,0,
99999,449005828,0,
99999,449149676,0,
99999,449223795,0,
99999,451166892,0,
99999,451183665,0,
99999,451186923,0,
99999,451190564,0,
99999,451197399,0,
99999,451403703,0,
99999,451410556,0,
99999,515090174,0,
99999,515118249,0,
99999,515121495,0,
99999,515122408,0,
99999,515127833,0,
99999,515130389,0,
99999,515133302,0,
99999,515137111,0,
99999,055321313X,0,
99999,553213148,0,
99999,553213156,0,
99999,553213172,0,
99999,553213180,0,
99999,553279912,0,
99999,553280414,0,
99999,553282476,0,
99999,553290789,0,
99999,553292722,0,
99999,553563521,0,
99999,553569074,0,
99999,553571656,0,
99999,055357227X,0,
99999,055357230X,0,
99999,553572997,0,
99999,055358099X,0,
99999,553582127,0,
99999,553800949,0,
99999,590477404,0,
99999,590494503,0,
99999,671003755,0,
99999,671016768,0,
99999,671025333,0,
99999,671617028,0,
99999,671623249,0,
99999,671727583,0,
99999,671795538,0,
99999,067942525X,0,
99999,679454446,0,
99999,679459596,0,
99999,684815451,0,
99999,684835975,0,
99999,688149790,0,
99999,743225406,0,
99999,743418131,0,
99999,743422910,0,
99999,767905385,0,
99999,786861347,0,
99999,786862572,0,
99999,786868716,0,
99999,804111898,0,
99999,805010858,0,
99999,805063897,0,
99999,821766570,0,
99999,1400034779,0,
99999,1551668998,0,
99999,60175966,0,
99999,60529709,0,
99999,60972122,0,
99999,60977493,0,
99999,60987049,0,
99999,60987324,0,
99999,006109921X,0,
99999,64400018,0,
99999,64400026,0,
99999,64400042,0,
99999,64400077,0,
99999,140298479,0,
99999,140328696,0,
99999,141001828,0,
99999,142001430,0,
99999,151006725,0,
99999,151008116,7,
99999,156001314,0,
99999,156007754,0,
99999,156628708,0,
99999,031205436X,0,
99999,312951426,0,
99999,312953615,0,
99999,316168688,0,
99999,316777722,0,
99999,034529873X,0,
99999,345301110,0,
99999,345316002,0,
99999,345325818,0,
99999,345335465,0,
99999,345335511,0,
99999,345339495,0,
99999,345339703,0,
99999,345347951,0,
99999,345352661,0,
99999,345362861,0,
99999,345368754,0,
99999,345368932,0,
99999,345369335,0,
99999,345378482,0,
99999,345384911,0,
99999,345387651,0,
99999,034540288X,0,
99999,345423135,0,
99999,374199698,0,
99999,375414657,0,
99999,375725849,0,
99999,380002930,0,
99999,380710218,0,
99999,380726246,0,
99999,380778556,0,
99999,380791978,0,
99999,380813815,0,
99999,380973545,0,
99999,380973650,0,
99999,385475721,0,
99999,385479565,0,
99999,385503857,0,
99999,385509510,0,
99999,385512104,0,
99999,393050939,0,
99999,393317552,0,
99999,394820371,0,
99999,039592720X,0,
99999,399149325,0,
99999,399150838,0,
99999,425130215,0,
99999,425167720,0,
99999,439064864,8,
99999,439136350,8,
99999,439139600,8,
99999,043935806X,8,
99999,440211263,0,
99999,440439884,0,
99999,440487617,0,
99999,440995779,0,
99999,440998050,0,
99999,441569595,0,
99999,441790348,0,
99999,446611239,0,
99999,448095017,0,
99999,449210820,0,
99999,449213447,0,
99999,449213730,0,
99999,449912558,0,
99999,451457811,0,
99999,451523377,9,
99999,452282152,0,
99999,486268705,0,
99999,515120456,0,
99999,515122564,0,
99999,051513239X,0,
99999,051513306X,0,
99999,553211404,0,
99999,553212737,0,
99999,553213105,0,
99999,553213164,0,
99999,553262505,0,
99999,553272535,0,
99999,553278223,0,
99999,553280643,0,
99999,553287893,0,
99999,553377868,0,
99999,553562738,0,
99999,553573861,0,
99999,553574566,0,
99999,553575384,0,
99999,553577808,0,
99999,553580515,0,
99999,553581554,0,
99999,618002235,0,
99999,670030643,0,
99999,670031909,0,
99999,670032891,0,
99999,671880187,0,
99999,679435328,0,
99999,679457526,0,
99999,679724362,0,
99999,679731377,0,
99999,679735666,0,
99999,679735909,0,
99999,684195984,0,
99999,684803860,0,
99999,684848783,0,
99999,684874350,0,
99999,689710879,0,
99999,743235150,0,
99999,743486226,0,
99999,767903862,0,
99999,786808012,0,
99999,802135161,0,
99999,080411109X,0,
99999,804111359,0,
99999,836204387,0,
99999,61099694,0,
99999,140113428,0,
99999,312924585,6,
99999,345337662,7,
99999,345369947,0,
99999,034538475X,0,
99999,345413865,0,
99999,373218397,0,
99999,373483694,0,
99999,373825013,0,
99999,038001503X,0,
99999,380756250,0,
99999,380756293,0,
99999,380762609,0,
99999,038079828X,0,
99999,038079960X,0,
99999,380802325,0,
99999,380820846,0,
99999,380820854,0,
99999,385472951,0,
99999,399142185,0,
99999,039914840X,0,
99999,425119920,0,
99999,425133540,0,
99999,042516098X,0,
99999,425175405,0,
99999,425182142,0,
99999,440111811,0,
99999,044011585X,0,
99999,440124344,0,
99999,440126894,0,
99999,440167531,0,
99999,440173922,0,
99999,440213991,0,
99999,440215625,0,
99999,440217512,0,
99999,440226104,0,
99999,440234743,0,
99999,440236738,0,
99999,440237556,0,
99999,446329894,0,
99999,446606812,0,
99999,446679593,0,
99999,449219364,0,
99999,449227545,0,
99999,449910830,0,
99999,452266564,0,
99999,515099546,0,
99999,515107662,0,
99999,515120618,0,
99999,051512088X,0,
99999,051512219X,0,
99999,051512317X,0,
99999,515129933,0,
99999,515130923,0,
99999,515131083,0,
99999,515133418,0,
99999,553277472,0,
99999,553572326,0,
99999,553573209,0,
99999,553575023,0,
99999,553582658,0,
99999,067101417X,0,
99999,671027646,0,
99999,671042572,0,
99999,671568175,0,
99999,671744216,0,
99999,671744623,0,
99999,067187098X,0,
99999,067976397X,0,
99999,743224574,0,
99999,743410181,0,
99999,743436210,0,
99999,804115761,0,
99999,1551669374,0,
99999,1558744630,0,
99999,1558747109,0,
99999,60916508,0,
99999,60934417,0,
99999,66212855,0,
99999,140053204,0,
99999,140086838,0,
99999,142001805,0,
99999,151002290,0,
99999,345326490,0,
99999,345348109,0,
99999,345380371,0,
99999,345439104,0,
99999,037382503X,0,
99999,374270325,0,
99999,375504907,0,
99999,375704027,0,
99999,375705856,0,
99999,375706410,0,
99999,375726403,0,
99999,380723085,0,
99999,385418493,0,
99999,385498802,0,
99999,385503954,0,
99999,385504470,0,
99999,385509456,0,
99999,385509472,0,
99999,385721420,0,
99999,393046974,0,
99999,440222818,0,
99999,440241073,0,
99999,446391301,0,
99999,449907481,0,
99999,451202503,0,
99999,525947647,0,
99999,553375407,0,
99999,553586122,0,
99999,671510053,0,
99999,679734775,0,
99999,679745580,0,
99999,679772677,0,
99999,679893105,0,
99999,684195488,0,
99999,743203631,0,
99999,767900383,0,
99999,767902513,0,
99999,767903382,0,
99999,767903854,0,
99999,786866586,0,
99999,802130208,0,
99999,087113795X,0,
99999,60008776,0,
99999,60976845,0,
99999,60977337,0,
99999,312274920,0,
99999,345313860,0,
99999,345351525,0,
99999,345389417,0,
99999,345422589,0,
99999,345427637,0,
99999,375703764,0,
99999,385319037,0,
99999,425161722,0,
99999,425185710,0,
99999,440214424,0,
99999,446604658,0,
99999,446611778,0,
99999,449206475,0,
99999,449219410,0,
99999,517122707,0,
99999,671004107,0,
99999,671038443,0,
99999,067697175X,0,
99999,679723161,0,
99999,679751521,0,
99999,679785892,0,
99999,684801221,0,
99999,786817070,0,
99999,842329218,0,
99999,842329242,0,
99999,842329250,0,
99999,877017883,0,
99999,1573225517,0,
99999,1573226521,0,
99999,1573229326,0,
99999,1573229571,0,
99999,60652934,0,
99999,140067477,0,
99999,140230165,0,
99999,140293248,0,
99999,345338588,0,
99999,038529929X,0,
99999,038542471X,0,
99999,385424728,0,
99999,038549081X,0,
99999,385498721,0,
99999,385720920,0,
99999,393319296,0,
99999,394404289,0,
99999,394758285,0,
99999,399146431,0,
99999,399501487,5,
99999,425168468,0,
99999,439139597,0,
99999,439404371,0,
99999,440204887,0,
99999,441102670,0,
99999,441104029,0,
99999,441172695,0,
99999,441172717,0,
99999,451163966,0,
99999,618002219,0,
99999,679722645,0,
99999,804106304,0,
99999,805062971,10,
99999,811801802,0,
99999,811802981,0,
99999,836218620,0,
99999,836218833,0,
99999,836220870,0,
99999,880381736,0,
99999,929634063,0,
99999,20198906,0,
99999,60391626,0,
99999,60540753,0,
99999,61031429,0,
99999,61042943,0,
99999,61092614,0,
99999,61097861,0,
99999,61098795,0,
99999,006109918X,0,
99999,61099732,0,
99999,64401847,0,
99999,64405176,0,
99999,140244824,0,
99999,014029628X,0,
99999,156006219,0,
99999,156907399,0,
99999,312979533,0,
99999,031298250X,0,
99999,312983298,0,
99999,316601950,0,
99999,316602906,0,
99999,316788228,0,
99999,345347536,0,
99999,345354621,0,
99999,345361792,0,
99999,034537536X,0,
99999,345384350,0,
99999,345384369,0,
99999,345391055,0,
99999,345424719,0,
99999,034543479X,0,
99999,345445848,0,
99999,345445856,0,
99999,345446666,0,
99999,345449347,0,
99999,345465083,0,
99999,374172897,0,
99999,375706771,0,
99999,380714752,0,
99999,380722704,0,
99999,380817446,0,
99999,395866502,0,
99999,399146253,0,
99999,425098605,0,
99999,425128164,0,
99999,042513525X,0,
99999,425145638,0,
99999,425146812,0,
99999,425158594,0,
99999,425158632,0,
99999,425169693,0,
99999,425171396,0,
99999,425180638,0,
99999,425182908,0,
99999,425184943,0,
99999,425191583,0,
99999,440212723,0,
99999,440217490,0,
99999,440223989,0,
99999,440224624,0,
99999,440224675,0,
99999,440224705,0,
99999,440403278,0,
99999,440940001,0,
99999,446323527,0,
99999,446359750,0,
99999,446364800,0,
99999,446365505,0,
99999,044651652X,0,
99999,446527793,0,
99999,446602736,0,
99999,446604801,0,
99999,446605239,0,
99999,446611611,0,
99999,449208672,0,
99999,449218473,0,
99999,449220184,0,
99999,449702766,0,
99999,451162072,0,
99999,451170385,0,
99999,451176723,0,
99999,451206525,0,
99999,451526341,0,
99999,452279070,0,
99999,515110396,0,
99999,515118656,0,
99999,515120898,0,
99999,552996009,0,
99999,553258001,0,
99999,553268937,0,
99999,553277537,0,
99999,553278029,0,
99999,553278398,0,
99999,553287737,7,
99999,055329170X,0,
99999,553560247,0,
99999,553564528,0,
99999,553575104,0,
99999,553578693,0,
99999,553580191,0,
99999,553582135,0,
99999,553582755,0,
99999,059030271X,0,
99999,670892963,0,
99999,671004565,0,
99999,671014919,0,
99999,671019546,0,
99999,671027344,0,
99999,671028375,0,
99999,671040588,0,
99999,671567829,0,
99999,671729454,0,
99999,671793489,0,
99999,671822209,0,
99999,684841185,0,
99999,068484267X,0,
99999,068484477X,0,
99999,688084923,0,
99999,688177751,0,
99999,074322535X,0,
99999,786889551,0,
99999,842329129,0,
99999,084233226X,0,
99999,1400031354,0,
99999,1551667509,0,
99999,1551668122,0,
99999,60502258,0,
99999,61094404,0,
99999,61097101,0,
99999,014025448X,0,
99999,140254544,0,
99999,140257934,0,
99999,140265686,0,
99999,140270590,0,
99999,142000892,0,
99999,312978332,0,
99999,312979886,0,
99999,312980140,0,
99999,312983271,0,
99999,345303067,7,
99999,345318862,0,
99999,345366239,0,
99999,345413903,0,
99999,373825021,0,
99999,380730847,0,
99999,380732688,0,
99999,380814811,0,
99999,385335431,0,
99999,425144429,0,
99999,425176304,0,
99999,425180050,0,
99999,425181464,0,
99999,042518286X,0,
99999,425189031,0,
99999,440183057,0,
99999,440210690,0,
99999,440213290,0,
99999,440223202,0,
99999,440224713,0,
99999,440236053,0,
99999,440236061,0,
99999,440236819,0,
99999,440241537,0,
99999,446601853,0,
99999,446603309,0,
99999,446607193,0,
99999,446609145,0,
99999,446609617,0,
99999,446609943,0,
99999,446611808,0,
99999,446613436,0,
99999,446691798,0,
99999,449003795,0,
99999,449203794,0,
99999,449910237,0,
99999,449911594,0,
99999,515116750,0,
99999,515132136,0,
99999,515132187,0,
99999,515136557,0,
99999,552996181,0,
99999,553561618,0,
99999,553574671,0,
99999,553578308,0,
99999,553578359,0,
99999,553579606,0,
99999,067101420X,0,
99999,671034006,0,
99999,671786601,0,
99999,067189109X,0,
99999,743437640,0,
99999,743457943,0,
99999,821769278,0,
99999,1401088945,0,
99999,1551666847,0,
99999,1551669234,0,
99999,61000043,0,
99999,61091790,0,
99999,61094129,0,
99999,142000663,0,
99999,312113420,0,
99999,312982615,0,
99999,312990456,0,
99999,316693286,0,
99999,345311396,0,
99999,345314255,0,
99999,345378490,0,
99999,345404769,0,
99999,345422317,0,
99999,345434498,0,
99999,380018179,0,
99999,380703882,0,
99999,380721643,0,
99999,385503822,0,
99999,385505833,0,
99999,393307050,0,
99999,425122123,0,
99999,425147363,0,
99999,425150143,0,
99999,042515601X,0,
99999,425162788,0,
99999,042517400X,0,
99999,425174018,0,
99999,042518109X,0,
99999,425187055,0,
99999,440219078,0,
99999,440220653,0,
99999,440224764,0,
99999,440225701,0,
99999,440225817,0,
99999,440236673,0,
99999,440237262,0,
99999,441005489,0,
99999,446360856,0,
99999,446600474,0,
99999,446608602,0,
99999,446611212,0,
99999,446611913,0,
99999,446613266,0,
99999,449223043,0,
99999,449227421,0,
99999,451141083,0,
99999,451162145,0,
99999,451167716,0,
99999,451180054,0,
99999,451197429,0,
99999,451205421,0,
99999,451408977,0,
99999,515087122,0,
99999,515090166,0,
99999,515102652,0,
99999,515109509,0,
99999,051512463X,0,
99999,515127396,0,
99999,515129941,0,
99999,515130966,0,
99999,515132268,0,
99999,553258915,0,
99999,553284118,0,
99999,553562398,0,
99999,553571818,0,
99999,553572210,0,
99999,553580906,0,
99999,553585681,0,
99999,618129022,0,
99999,671039741,0,
99999,671042858,0,
99999,671519816,0,
99999,671528203,0,
99999,671670689,0,
99999,671867113,0,
99999,671868713,0,
99999,671894455,0,
99999,684801523,0,
99999,743212002,0,
99999,743437802,0,
99999,743467523,0,
99999,078670621X,0,
99999,804108749,0,
99999,826308791,0,
99999,1551668246,0,
99999,1558745718,0,
99999,312979975,0,
99999,312979983,0,
99999,034541389X,0,
99999,345423615,0,
99999,380789884,0,
99999,394742117,0,
99999,425083837,0,
99999,425116840,0,
99999,042512164X,0,
99999,425177173,0,
99999,440225698,0,
99999,440236991,0,
99999,446525537,0,
99999,446605581,0,
99999,044661064X,0,
99999,449206211,0,
99999,051510521X,0,
99999,051513399X,0,
99999,553580884,0,
99999,671468200,0,
99999,671534734,0,
99999,067164257X,0,
99999,671695126,0,
99999,671695142,0,
99999,671759361,0,
99999,671873199,0,
99999,804119724,0,
99999,891073906,0,
99999,1551667371,0,
99999,60090375,0,
99999,60517794,0,
99999,60926317,0,
99999,60938455,0,
99999,60958022,0,
99999,60987561,0,
99999,61006629,0,
99999,61013315,0,
99999,61030597,0,
99999,61054151,0,
99999,61092088,0,
99999,61092533,0,
99999,61092606,0,
99999,61093343,0,
99999,61093491,0,
99999,61095540,0,
99999,61096113,0,
99999,61097314,0,
99999,61097659,0,
99999,61099015,0,
99999,61099155,0,
99999,61099325,0,
99999,006440188X,0,
99999,64407055,0,
99999,64407667,0,
99999,64407675,0,
99999,140092323,0,
99999,140348107,0,
99999,312925883,0,
99999,312958129,0,
99999,312960344,0,
99999,312971397,0,
99999,312981589,0,
99999,312983212,0,
99999,316780375,0,
99999,316781010,0,
99999,316789089,0,
99999,345334531,0,
99999,345346491,0,
99999,345350685,0,
99999,034538430X,0,
99999,345384377,0,
99999,345384466,0,
99999,345386132,0,
99999,034539657X,0,
99999,345397819,0,
99999,345402871,0,
99999,345404777,0,
99999,345404785,0,
99999,345404793,0,
99999,034540761X,0,
99999,345409876,0,
99999,345413881,0,
99999,345420438,0,
99999,345422384,0,
99999,345425308,0,
99999,345430573,0,
99999,345432401,0,
99999,345434471,0,
99999,034543448X,0,
99999,345435249,0,
99999,373218036,0,
99999,373250118,0,
99999,373483880,0,
99999,375701044,0,
99999,375719180,0,
99999,380600129,0,
99999,380603764,0,
99999,380698714,0,
99999,380701340,0,
99999,380710722,0,
99999,380715929,0,
99999,380716542,0,
99999,380726254,0,
99999,380732661,0,
99999,380754843,0,
99999,380789892,0,
99999,380805995,0,
99999,380808080,0,
99999,380814021,0,
99999,385265700,0,
99999,385314698,0,
99999,385424736,0,
99999,385472943,0,
99999,385484518,0,
99999,385722206,0,
99999,394895894,0,
99999,399139540,0,
99999,399143904,0,
99999,039914563X,0,
99999,425077047,0,
99999,425080021,0,
99999,425097722,0,
99999,425098648,0,
99999,042510107X,0,
99999,425108937,0,
99999,425109720,0,
99999,425117383,0,
99999,425118703,0,
99999,425119653,0,
99999,425121631,0,
99999,425124347,0,
99999,425125467,0,
99999,425130711,0,
99999,425131769,0,
99999,425132048,0,
99999,425134350,0,
99999,425135721,0,
99999,425136191,0,
99999,425136981,0,
99999,425137457,0,
99999,425138232,0,
99999,425140032,0,
99999,425140946,0,
99999,425142868,0,
99999,425143325,0,
99999,425145301,0,
99999,425147584,0,
99999,425151875,0,
99999,425152499,0,
99999,425155404,0,
99999,425155943,0,
99999,425163385,0,
99999,425166619,0,
99999,425169863,0,
99999,425178102,0,
99999,425179559,0,
99999,425179885,0,
99999,425180964,0,
99999,425181111,0,
99999,425184226,0,
99999,425189864,0,
99999,440108268,0,
99999,440129265,0,
99999,440129389,0,
99999,440145465,0,
99999,440146577,0,
99999,440147956,0,
99999,440168724,0,
99999,440170796,0,
99999,440173701,0,
99999,440176484,0,
99999,440177049,0,
99999,440178002,0,
99999,440184622,0,
99999,440193613,0,
99999,440194784,0,
99999,440200989,0,
99999,440201926,0,
99999,044020271X,0,
99999,440203856,0,
99999,440205573,0,
99999,440207622,0,
99999,440207770,0,
99999,440209412,0,
99999,440209803,0,
99999,440211891,0,
99999,440212359,0,
99999,440214009,0,
99999,044021422X,0,
99999,440216818,0,
99999,440216842,0,
99999,440217466,0,
99999,044021873X,0,
99999,440220424,0,
99999,044022103X,0,
99999,440221501,0,
99999,440223016,0,
99999,044022473X,0,
99999,440224780,0,
99999,440224829,0,
99999,440224837,0,
99999,440224845,0,
99999,440224861,0,
99999,440225116,0,
99999,440225825,0,
99999,440226414,0,
99999,440235154,0,
99999,440235162,0,
99999,440235774,0,
99999,440237009,0,
99999,440237025,0,
99999,044023719X,0,
99999,440314887,0,
99999,440418321,0,
99999,440484332,0,
99999,440486599,0,
99999,440514428,0,
99999,445406518,0,
99999,446350109,0,
99999,446350982,0,
99999,446354678,0,
99999,446354732,0,
99999,446358584,0,
99999,446360589,0,
99999,446363251,0,
99999,446363669,0,
99999,446364266,0,
99999,446364762,0,
99999,446515078,0,
99999,446520802,0,
99999,446600768,0,
99999,446601985,0,
99999,446602213,0,
99999,446602698,0,
99999,446604232,0,
99999,446604534,0,
99999,446607207,0,
99999,446608262,0,
99999,446608815,0,
99999,446609781,0,
99999,446610399,0,
99999,044661095X,0,
99999,446612626,0,
99999,446802204,0,
99999,449205878,0,
99999,449212084,0,
99999,449213358,0,
99999,449215296,0,
99999,449217493,0,
99999,449219372,0,
99999,449225151,0,
99999,449232921,0,
99999,449702545,0,
99999,451124383,0,
99999,451131517,0,
99999,451142934,0,
99999,451146425,0,
99999,451149513,6,
99999,451151259,0,
99999,451153553,0,
99999,451160525,0,
99999,451161343,0,
99999,451166604,0,
99999,451169530,0,
99999,451181379,0,
99999,451184726,0,
99999,451187903,0,
99999,451197410,0,
99999,451197747,0,
99999,451203593,0,
99999,451203771,0,
99999,451204948,0,
99999,451205146,0,
99999,452269571,0,
99999,452269652,0,
99999,515093203,0,
99999,515107867,0,
99999,515109746,0,
99999,051511331X,0,
99999,515114006,0,
99999,515118559,0,
99999,515119520,0,
99999,515119644,0,
99999,515121487,0,
99999,515124621,0,
99999,515124893,0,
99999,515126098,0,
99999,515126489,0,
99999,515128554,0,
99999,515134368,0,
99999,553117467,0,
99999,553230212,0,
99999,553250426,0,
99999,553250531,0,
99999,553260960,0,
99999,553264079,0,
99999,553274503,0,
99999,553275976,0,
99999,553278592,0,
99999,553279378,0,
99999,553280147,0,
99999,553281798,0,
99999,553282816,0,
99999,553284363,0,
99999,553285343,0,
99999,553285785,0,
99999,553285920,0,
99999,553287346,0,
99999,553293761,0,
99999,553295608,0,
99999,553295977,0,
99999,553299506,0,
99999,055356160X,0,
99999,553566032,0,
99999,553566040,0,
99999,553569031,0,
99999,553569058,0,
99999,553569082,0,
99999,553569570,0,
99999,553569619,0,
99999,553571834,0,
99999,553571885,0,
99999,553572040,0,
99999,553573616,0,
99999,553574086,0,
99999,553574574,0,
99999,553575090,0,
99999,553575538,0,
99999,553576143,0,
99999,553576623,0,
99999,553579754,0,
99999,553580388,0,
99999,553581023,0,
99999,553582364,0,
99999,055358264X,0,
99999,553582747,0,
99999,553583956,0,
99999,553584510,0,
99999,553587188,0,
99999,553801929,0,
99999,590453653,0,
99999,590453661,0,
99999,059045367X,0,
99999,590453688,0,
99999,059045370X,0,
99999,590494457,0,
99999,590568795,0,
99999,590568809,0,
99999,590629786,0,
99999,670805149,0,
99999,067088300X,0,
99999,670896764,0,
99999,671000314,0,
99999,067100042X,0,
99999,671002481,0,
99999,671010123,0,
99999,671011367,0,
99999,671023187,0,
99999,671023209,0,
99999,671026011,0,
99999,671027573,0,
99999,671027662,0,
99999,671036505,0,
99999,671041789,0,
99999,671525751,0,
99999,671534645,0,
99999,671568841,0,
99999,671683993,0,
99999,671741187,0,
99999,671749412,0,
99999,671759329,0,
99999,671769200,0,
99999,671789422,0,
99999,671793543,0,
99999,671793888,0,
99999,671798782,0,
99999,671864173,0,
99999,671867156,0,
99999,671873202,0,
99999,671873210,0,
99999,676973779,0,
99999,679731725,0,
99999,684195976,0,
99999,684871270,0,
99999,684872153,0,
99999,743411269,0,
99999,743418220,0,
99999,743439740,0,
99999,786817879,0,
99999,786890436,0,
99999,804102988,0,
99999,804105820,0,
99999,804106436,0,
99999,821767852,0,
99999,821769340,0,
99999,821769367,0,
99999,842342702,0,
99999,088396631X,0,
99999,894805770,0,
99999,1551666650,0,
99999,1551666758,0,
99999,1551668459,0,
99999,1551668726,0,
99999,1551669021,0,
99999,1558531025,0,
99999,1558743669,0,
99999,1558747028,0,
99999,140179836,0,
99999,156007479,0,
99999,312283709,0,
99999,312979096,0,
99999,316776963,0,
99999,034545104X,0,
99999,345460359,0,
99999,375413634,0,
99999,375502238,0,
99999,375702709,0,
99999,375727132,0,
99999,380730138,0,
99999,385413041,0,
99999,385496095,0,
99999,038572179X,0,
99999,042513699X,0,
99999,425165701,0,
99999,440235596,0,
99999,446607177,0,
99999,446679364,0,
99999,449908798,0,
99999,451410947,0,
99999,452282195,0,
99999,452284937,0,
99999,553573926,0,
99999,553576089,0,
99999,553579983,0,
99999,671452177,0,
99999,679442790,0,
99999,679774025,0,
99999,743227441,0,
99999,743411323,0,
99999,743418174,0,
99999,743418190,0,
99999,786867647,0,
99999,786884142,0,
99999,1558744150,0,
99999,1573222267,0,
99999,1573225789,0,
99999,66214440,0,
99999,140258795,0,
99999,316678104,0,
99999,345463153,0,
99999,375401601,0,
99999,394561619,0,
99999,425177068,0,
99999,440216877,0,
99999,440498058,0,
99999,553099558,0,
99999,553565915,0,
99999,609804138,0,
99999,671528904,0,
99999,067942573X,0,
99999,679429220,0,
99999,679441018,0,
99999,679742298,0,
99999,812507436,0,
99999,60512822,0,
99999,60921145,0,
99999,60927569,0,
99999,60959037,0,
99999,312099436,0,
99999,316168815,0,
99999,345377443,0,
99999,345438329,0,
99999,345442822,0,
99999,345443284,0,
99999,043936213X,8,
99999,449003981,0,
99999,451209907,0,
99999,452283205,0,
99999,515115649,0,
99999,679405283,0,
99999,743483014,0,
99999,076790592X,0,
99999,786881852,0,
99999,802139256,0,
99999,1573227331,0,
99999,002026478X,0,
99999,006000438X,0,
99999,60915544,0,
99999,60987103,0,
99999,140186409,0,
99999,141000198,0,
99999,316769495,0,
99999,316769509,0,
99999,375705198,0,
99999,375758232,0,
99999,380002450,0,
99999,449212602,0,
99999,515090379,0,
99999,515103292,0,
99999,553209671,0,
99999,671729462,0,
99999,679746048,0,
99999,61031844,0,
99999,61091316,0,
99999,61093106,0,
99999,373484100,0,
99999,380724979,0,
99999,380728265,0,
99999,380792494,0,
99999,038533334X,0,
99999,440204208,0,
99999,440208459,0,
99999,440224721,0,
99999,446394521,0,
99999,449149986,0,
99999,451200101,0,
99999,452281032,0,
99999,452281725,0,
99999,515131091,0,
99999,515133639,0,
99999,553578685,0,
99999,553583441,0,
99999,553583468,0,
99999,553584383,0,
99999,671016652,0,
99999,671024108,0,
99999,671038567,0,
99999,743407067,0,
99999,140003065X,0,
99999,155166674X,0,
99999,312983832,0,
99999,373218192,0,
99999,373218958,0,
99999,399138749,0,
99999,425126064,0,
99999,425135020,0,
99999,425137562,0,
99999,425141233,0,
99999,425148297,0,
99999,425152898,0,
99999,425153789,0,
99999,425155722,0,
99999,425157539,0,
99999,425178765,0,
99999,425182878,0,
99999,425192733,0,
99999,440414806,0,
99999,446602450,0,
99999,446605409,0,
99999,451206002,0,
99999,515119202,0,
99999,515120871,0,
99999,515121843,0,
99999,515122734,0,
99999,515124214,0,
99999,515126772,0,
99999,515128546,0,
99999,051513287X,0,
99999,515133973,0,
99999,515135062,0,
99999,515135739,0,
99999,671023616,0,
99999,671024094,0,
99999,014038572X,0,
99999,039480001X,0,
99999,394800168,0,
99999,425104346,0,
99999,425161242,0,
99999,425181103,0,
99999,425188809,0,
99999,439136369,0,
99999,451099648,0,
99999,451161351,0,
99999,451166582,0,
99999,451167538,0,
99999,451168615,0,
99999,451176464,0,
99999,553274295,0,
99999,553801430,0,
99999,553802488,0,
99999,067102423X,0,
99999,671729411,0,
99999,671759345,0,
99999,142004235,0,
99999,156027321,0,
99999,310205719,0,
99999,380719185,0,
99999,440235804,0,
99999,440236703,0,
99999,446516538,0,
99999,446606243,0,
99999,671250671,0,
99999,684832178,0,
99999,684865742,0,
99999,767915054,0,
99999,786883375,0,
99999,821772341,0,
99999,842329285,0,
99999,842373195,0,
99999,1551669293,0,
99999,1882723007,0,
99999,60188731,0,
99999,60198133,0,
99999,60975547,0,
99999,140133488,0,
99999,140345353,0,
99999,156028778,0,
99999,156787334,0,
99999,031231616X,0,
99999,312421036,0,
99999,034536676X,0,
99999,345433491,0,
99999,345435028,0,
99999,034543739X,0,
99999,345441133,0,
99999,345441265,0,
99999,375500510,0,
99999,375703055,0,
99999,375726349,0,
99999,380792745,0,
99999,385319207,0,
99999,385319444,0,
99999,440221099,0,
99999,440224594,0,
99999,451203895,0,
99999,452282934,0,
99999,452284449,0,
99999,517707918,0,
99999,525945814,0,
99999,553296124,0,
99999,553582143,0,
99999,670032379,0,
99999,067103619X,0,
99999,688177743,0,
99999,743237188,0,
99999,743246071,0,
99999,743412028,0,
99999,080411935X,0,
99999,894808249,0,
99999,1551668653,0,
99999,1558746226,0,
99999,1573227889,0,
99999,157322930X,0,
99999,60514930,0,
99999,60740450,0,
99999,61013412,0,
99999,61030635,0,
99999,61031410,0,
99999,61042935,0,
99999,61093327,0,
99999,61099708,0,
99999,61099805,0,
99999,64400034,0,
99999,64405842,0,
99999,64471047,0,
99999,014131088X,0,
99999,156711427,0,
99999,312950489,0,
99999,312955006,0,
99999,312958455,0,
99999,034532532X,0,
99999,345348036,0,
99999,345413350,0,
99999,345423097,0,
99999,345423291,0,
99999,345435168,0,
99999,345435796,0,
99999,375725601,0,
99999,380725711,0,
99999,380726238,0,
99999,380726262,0,
99999,380765454,0,
99999,380780860,0,
99999,380820447,0,
99999,385318782,0,
99999,425127583,0,
99999,425132951,0,
99999,425157628,0,
99999,425163865,0,
99999,439064872,0,
99999,440117437,0,
99999,440185327,0,
99999,440186560,0,
99999,440214114,0,
99999,440222842,0,
99999,440224055,0,
99999,440224772,0,
99999,440224810,0,
99999,044023672X,0,
99999,440240751,0,
99999,440405483,0,
99999,440495962,0,
99999,446364150,0,
99999,446600660,0,
99999,446602620,0,
99999,446604089,0,
99999,446610542,0,
99999,044661193X,0,
99999,449219461,0,
99999,449221490,0,
99999,451160916,0,
99999,451180216,0,
99999,451184327,0,
99999,451206711,0,
99999,451208811,0,
99999,451524934,0,
99999,515087947,0,
99999,515090506,0,
99999,515095826,0,
99999,515101230,0,
99999,515102636,0,
99999,051510566X,0,
99999,051511605X,0,
99999,051511992X,0,
99999,515120006,0,
99999,515125628,0,
99999,051513628X,0,
99999,515136379,0,
99999,553096834,0,
99999,553210793,3,
99999,055321330X,0,
99999,553269224,0,
99999,553272586,0,
99999,553287532,0,
99999,055356451X,0,
99999,553569791,0,
99999,553569910,0,
99999,553576798,0,
99999,553578022,0,
99999,553584707,0,
99999,590371258,0,
99999,618526412,0,
99999,671001701,0,
99999,671007610,0,
99999,671007637,0,
99999,067100767X,0,
99999,671007696,0,
99999,671016776,0,
99999,671020293,0,
99999,067102731X,0,
99999,671028014,0,
99999,671028367,0,
99999,671039830,0,
99999,671502522,0,
99999,671525743,0,
99999,671534718,0,
99999,671534726,0,
99999,671534742,0,
99999,671553046,0,
99999,671673688,0,
99999,671695169,0,
99999,671705091,0,
99999,671729470,0,
99999,671741209,0,
99999,671744577,0,
99999,671744607,0,
99999,671793535,0,
99999,671793551,0,
99999,743411331,0,
99999,743412621,0,
99999,767905202,0,
99999,807083054,0,
99999,155874424X,0,
99999,1573228737,0,
99999,60085444,0,
99999,64471837,0,
99999,140143505,0,
99999,380012863,0,
99999,385729340,0,
99999,385730586,0,
99999,439049962,0,
99999,440229499,0,
99999,440235464,0,
99999,553280945,0,
99999,671880314,0,
99999,740723367,0,
99999,786862564,0,
99999,804117683,0,
99999,812550706,0,
99999,812550757,0,
99999,860074382,0,
99999,60927216,0,
99999,140185216,0,
99999,140481346,0,
99999,312963009,0,
99999,316089699,0,
99999,345285549,0,
99999,345412214,0,
99999,373243790,0,
99999,373244487,0,
99999,373484429,0,
99999,425153975,0,
99999,425158640,0,
99999,425165566,0,
99999,425171884,0,
99999,425173534,0,
99999,425182673,0,
99999,440967694,0,
99999,449005909,0,
99999,449204324,0,
99999,451137965,0,
99999,451163524,0,
99999,451194861,0,
99999,451409973,0,
99999,515131229,0,
99999,553262645,0,
99999,553278274,0,
99999,553288342,0,
99999,553289411,0,
99999,553585118,0,
99999,671525808,0,
99999,671527215,0,
99999,067155302X,0,
99999,767902890,0,
99999,805056645,0,
99999,812511816,0,
99999,812513754,0,
99999,1551660717,0,
99999,1551666839,0,
99999,61054895,0,
99999,140077022,0,
99999,140282033,0,
99999,140620222,0,
99999,140620427,0,
99999,345413369,0,
99999,345413377,0,
99999,374100128,0,
99999,375412530,0,
99999,380725231,0,
99999,380807343,0,
99999,425152251,0,
99999,446365386,0,
99999,451170113,0,
99999,451180232,0,
99999,451186362,0,
99999,451188462,0,
99999,743457358,0,
99999,804115613,0,
99999,64471055,0,
99999,64471063,0,
99999,316153990,0,
99999,373243286,0,
99999,373483902,0,
99999,446532231,0,
99999,446603392,0,
99999,451147367,0,
99999,553148001,0,
99999,671024248,0,
99999,671723650,0,
99999,671743058,0,
99999,812548051,0,
99999,60923245,0,
99999,60934913,0,
99999,62502174,0,
99999,140430016,0,
99999,142002267,0,
99999,312150601,0,
99999,345334019,0,
99999,345404114,0,
99999,380728133,0,
99999,385722435,0,
99999,394281829,0,
99999,399142789,0,
99999,399145672,0,
99999,425176932,0,
99999,440131480,0,
99999,517595753,0,
99999,055327886X,0,
99999,055334949X,0,
99999,553813021,0,
99999,571081789,0,
99999,671727796,0,
99999,676973655,0,
99999,679721037,0,
99999,679744398,0,
99999,679775439,0,
99999,684801469,0,
99999,749397357,0,
99999,7154615,0,
99999,140039589,0,
99999,385324057,0,
99999,394558235,0,
99999,042510687X,0,
99999,425113884,0,
99999,440180295,0,
99999,044020562X,0,
99999,446602744,0,
99999,451132378,0,
99999,451155750,0,
99999,451192036,0,
99999,452283442,0,
99999,517556278,0,
99999,517580497,0,
99999,553260111,8,
99999,553277243,0,
99999,553289691,0,
99999,553294385,0,
99999,553569155,0,
99999,553575953,0,
99999,609610597,0,
99999,067081976X,0,
99999,671032658,0,
99999,671502689,0,
99999,671537458,0,
99999,671693816,0,
99999,671776975,0,
99999,689817851,0,
99999,743225082,0,
99999,767915062,0,
99999,786889020,0,
99999,080411918X,0,
99999,836218787,0,
99999,836220889,0,
99999,871137534,0,
99999,089480829X,0,
99999,1558743316,0,
99999,1558743790,0,
99999,1558744592,0,
99999,60922532,0,
99999,60935464,0,
99999,014017737X,0,
99999,014034294X,0,
99999,031242227X,0,
99999,316690619,0,
99999,316693235,0,
99999,375725784,0,
99999,395927218,0,
99999,399141146,0,
99999,044900371X,0,
99999,571206484,0,
99999,670880728,0,
99999,671776134,0,
99999,679444815,0,
99999,786880007,0,
99999,805036377,0,
99999,805036504,0,
99999,836221192,0,
99999,60248025,0,
99999,60558199,0,
99999,60917016,0,
99999,61099252,0,
99999,64409422,0,
99999,140119906,0,
99999,140177388,0,
99999,140250948,0,
99999,312243022,0,
99999,312422156,0,
99999,316734837,0,
99999,345342569,0,
99999,345417976,0,
99999,345436911,0,
99999,345469674,0,
99999,374129983,0,
99999,375504613,0,
99999,375713751,0,
99999,375724400,0,
99999,380702843,0,
99999,038533656X,0,
99999,385491026,0,
99999,039915079X,0,
99999,425133516,0,
99999,425179672,0,
99999,425191184,0,
99999,440122090,0,
99999,440204194,0,
99999,446604275,0,
99999,446670111,0,
99999,446673544,0,
99999,449213943,0,
99999,449910571,0,
99999,451196856,0,
99999,451206673,0,
99999,452268060,0,
99999,452274427,0,
99999,452280621,0,
99999,452283795,0,
99999,525945938,0,
99999,553348973,0,
99999,553380095,0,
99999,679442405,0,
99999,679723110,0,
99999,068480087X,0,
99999,743206029,0,
99999,743418204,0,
99999,767905180,0,
99999,786868619,0,
99999,786886307,0,
99999,080410946X,0,
99999,805063889,0,
99999,1573228583,0,
99999,1592400876,0,
99999,61098035,0,
99999,140042210,0,
99999,312282990,0,
99999,345423402,0,
99999,374525641,0,
99999,042518904X,0,
99999,440422256,0,
99999,441627404,0,
99999,446310492,0,
99999,451124340,0,
99999,451454243,0,
99999,553576925,0,
99999,055357695X,0,
99999,679439382,0,
99999,679454497,0,
99999,802135196,0,
99999,081297106X,0,
99999,1853260282,0,
99999,60009241,0,
99999,61030430,0,
99999,61031445,0,
99999,61054143,0,
99999,61098361,0,
99999,70212570,0,
99999,140099832,0,
99999,140177396,0,
99999,140374248,0,
99999,142001821,0,
99999,312961324,0,
99999,312966806,0,
99999,312980159,0,
99999,312983824,0,
99999,312986343,0,
99999,316602051,0,
99999,345313151,0,
99999,345316770,0,
99999,345317580,0,
99999,345447867,0,
99999,345453387,0,
99999,038000321X,0,
99999,380711524,0,
99999,380718839,0,
99999,380817683,0,
99999,385323638,0,
99999,385335830,0,
99999,385336179,0,
99999,385420161,0,
99999,385508042,0,
99999,385510438,0,
99999,385511612,0,
99999,393308804,0,
99999,394580567,0,
99999,399150897,0,
99999,425129586,0,
99999,425157466,0,
99999,425183750,0,
99999,425184129,0,
99999,440110653,0,
99999,440241413,0,
99999,446343455,0,
99999,446364703,0,
99999,446387878,0,
99999,446519138,0,
99999,446601640,0,
99999,446603422,0,
99999,446611476,0,
99999,449006522,0,
99999,044922046X,0,
99999,451163494,0,
99999,451192001,0,
99999,451204956,0,
99999,452277337,0,
99999,452281784,0,
99999,525947671,0,
99999,553210092,0,
99999,553212583,0,
99999,055356773X,0,
99999,553574639,0,
99999,553574663,0,
99999,553576801,0,
99999,553578316,0,
99999,553580221,0,
99999,679434046,0,
99999,679745203,0,
99999,679879242,0,
99999,684833395,0,
99999,684853949,0,
99999,688163165,0,
99999,740704818,0,
99999,743407083,0,
99999,743448642,0,
99999,743456866,0,
99999,786884592,0,
99999,871136791,0,
99999,887307876,0,
99999,1401300316,0,
99999,1551665301,0,
99999,1558744606,0,
99999,1573221937,0,
99999,312924801,0,
99999,440202507,0,
99999,446518581,0,
99999,446527017,0,
99999,446676071,0,
99999,671708635,3,
99999,671724738,0,
99999,671868691,0,
99999,60549270,0,
99999,014100018X,0,
99999,312265867,0,
99999,373218435,0,
99999,037325024X,0,
99999,373483503,0,
99999,373483546,0,
99999,373835876,0,
99999,380814390,0,
99999,038542017X,0,
99999,425178579,0,
99999,440215900,0,
99999,440241162,0,
99999,446524131,0,
99999,446605360,0,
99999,446610550,0,
99999,451173392,0,
99999,452283027,0,
99999,051511779X,0,
99999,515129224,0,
99999,553272837,0,
99999,553294903,0,
99999,055358068X,0,
99999,553583980,0,
99999,671003593,0,
99999,671702513,0,
99999,671732277,0,
99999,679751602,0,
99999,068483376X,0,
99999,074322423X,0,
99999,743406184,0,
99999,1551668300,0,
99999,1558746463,0,
99999,345354648,0,
99999,345402308,0,
99999,425121259,0,
99999,425144372,0,
99999,446356832,0,
99999,446610178,0,
99999,451202317,0,
99999,515128600,0,
99999,842321934,0,
99999,60920084,0,
99999,61092177,0,
99999,99387913,0,
99999,99422042,0,
99999,99747200,0,
99999,99771519,0,
99999,140620109,0,
99999,330262130,0,
99999,330485385,0,
99999,349101779,0,
99999,038000917X,0,
99999,380715430,0,
99999,380727501,0,
99999,380820293,0,
99999,385490445,0,
99999,385494246,0,
99999,385720114,0,
99999,449221180,0,
99999,552124753,0,
99999,552128481,0,
99999,552134643,0,
99999,553208845,0,
99999,553348981,0,
99999,679426159,0,
99999,749313528,0,
99999,765341972,0,
99999,805019367,0,
99999,860680649,0,
99999,1573221112,0,
99999,1573229385,0,
99999,1573229725,0,
99999,1861976127,0,
99999,385316917,0,
99999,425105334,0,
99999,440221315,0,
99999,451173317,0,
99999,553106651,0,
99999,671525433,0,
99999,671642561,0,
99999,671670646,0,
99999,671670662,0,
99999,743211375,0,
99999,074343627X,0,
99999,60001453,0,
99999,006091565X,0,
99999,61031070,0,
99999,61092045,0,
99999,61099341,0,
99999,61099481,0,
99999,312978367,0,
99999,345311485,0,
99999,345379365,0,
99999,345396936,0,
99999,373226918,0,
99999,380005255,0,
99999,380725584,0,
99999,425090787,0,
99999,425114236,0,
99999,425115801,0,
99999,425168220,0,
99999,440212189,0,
99999,044022425X,0,
99999,440225299,0,
99999,446600415,0,
99999,449216861,0,
99999,451128370,0,
99999,451160533,0,
99999,451176812,0,
99999,452262143,0,
99999,515093556,0,
99999,553234811,0,
99999,553263226,8,
99999,670855030,0,
99999,671003941,0,
99999,671867318,0,
99999,812575717,0,
99999,842329269,0,
99999,842329277,0,
99999,842329293,0,
99999,842332278,0,
99999,842332286,0,
99999,842332340,0,
99999,865471185,0,
99999,971263906,0,
99999,1551664348,0,
99999,60931418,0,
99999,375712925,0,
99999,385315147,0,
99999,385337639,0,
99999,446527785,0,
99999,449911519,0,
99999,451202341,0,
99999,515127221,0,
99999,671776800,0,
99999,684814994,0,
99999,684867621,0,
99999,1400032717,0,
99999,140481389,0,
99999,345342968,5,
99999,380730200,0,
99999,440213029,0,
99999,451191153,0,
99999,670865796,0,
99999,670878847,0,
99999,679731148,0,
99999,688177859,0,
99999,1559029838,0,
99999,1573229083,0,
99999,312979479,0,
99999,034530988X,0,
99999,380804557,0,
99999,440174643,0,
99999,446400157,0,
99999,449219399,0,
99999,553293354,0,
99999,670839809,0,
99999,684800713,0,
99999,743431030,0,
99999,345441036,0,
99999,345444884,0,
99999,373834284,0,
99999,380001411,0,
99999,380709562,0,
99999,380723638,0,
99999,042517736X,0,
99999,044020447X,0,
99999,044023512X,0,
99999,671737627,0,
99999,671737791,0,
99999,60083948,0,
99999,60914653,0,
99999,014016930X,0,
99999,312147015,0,
99999,038533348X,0,
99999,385474547,0,
99999,038548951X,0,
99999,399142282,0,
99999,440127793,0,
99999,048627263X,0,
99999,671510126,0,
99999,679886370,0,
99999,767905938,0,
99999,786869216,0,
99999,811811409,0,
99999,1400033543,0,
99999,440225590,0,
99999,679433740,0,
99999,66214122,0,
99999,373218540,0,
99999,373270976,0,
99999,037348397X,0,
99999,373484887,0,
99999,373484895,0,
99999,373484909,0,
99999,399145087,0,
99999,399149392,0,
99999,399149848,0,
99999,440236665,0,
99999,449006530,0,
99999,451201558,0,
99999,451202856,0,
99999,451204891,0,
99999,515128015,0,
99999,515131210,0,
99999,067102535X,0,
99999,671035452,0,
99999,743457951,0,
99999,821775863,0,
99999,1551668912,0,
99999,006001203X,0,
99999,61099686,0,
99999,156528207,0,
99999,446353957,0,
99999,451409361,0,
99999,61020699,0,
99999,61020702,0,
99999,61020710,0,
99999,142003727,0,
99999,425174344,0,
99999,441000916,0,
99999,441001971,0,
99999,441002935,0,
99999,441003745,0,
99999,441004520,0,
99999,441005241,0,
99999,441005748,0,
99999,441007813,0,
99999,441008534,0,
99999,441009239,0,
99999,441304834,0,
99999,441478123,0,
99999,446532452,0,
99999,055329461X,0,
99999,553562614,0,
99999,553566067,0,
99999,055357258X,0,
99999,786868015,0,
99999,155166884X,0,
99999,425142485,0,
99999,446530077,0,
99999,446530522,0,
99999,446670251,0,
99999,525934251,0,
99999,373218400,0,
99999,385421982,0,
99999,385729332,0,
99999,451204301,0,
99999,553096060,0,
99999,553265741,0,
99999,684810387,0,
99999,345392825,0,
99999,038072118X,0,
99999,743236742,0,
99999,836218655,0,
99999,836218817,0,
99999,61015725,0,
99999,345441788,0,
99999,425100650,0,
99999,684853507,0,
99999,743211383,0,
99999,767902521,0,
99999,804109729,0,
99999,1853260010,0,
99999,1853260150,0,
99999,1853260207,0,
99999,1880418568,0,
99999,60090383,0,
99999,375758453,0,
99999,385318073,0,
99999,425190749,0,
99999,451207246,0,
99999,679736042,0,
99999,767914767,0,
99999,6547834,0,
99999,60192119,0,
99999,60930187,0,
99999,60936231,0,
99999,91867770,0,
99999,99800403,0,
99999,140265988,0,
99999,312144075,0,
99999,330267388,0,
99999,330332775,0,
99999,413537900,0,
99999,440225078,0,
99999,552131059,0,
99999,552998486,0,
99999,671026682,0,
99999,749305401,0,
99999,1860492592,0,
99999,8873122933,0,
99999,60512806,0,
99999,60977477,0,
99999,345390458,0,
99999,399144714,0,
99999,451204530,0,
99999,60976497,0,
99999,440235146,0,
99999,051511054X,0,
99999,515119784,0,
99999,1573228214,0,
99999,373484003,0,
99999,375826688,0,
99999,425132935,0,
99999,515110973,0,
99999,051512608X,0,
99999,515133876,0,
99999,515134384,0,
99999,515136530,0,
99999,553578243,0,
99999,553580280,0,
99999,786819146,0,
99999,812580354,0,
99999,886773520,0,
99999,886774012,0,
99999,1550548913,0,
99999,60173289,0,
99999,006099486X,0,
99999,61020648,0,
99999,312263120,0,
99999,316154075,0,
99999,316666009,0,
99999,316693200,0,
99999,316693251,0,
99999,316777730,0,
99999,316781142,0,
99999,345356535,0,
99999,345416260,0,
99999,375406530,0,
99999,375414053,0,
99999,038072880X,0,
99999,425170349,0,
99999,425173631,0,
99999,425183971,0,
99999,440295858,0,
99999,440343194,0,
99999,440404193,0,
99999,440445450,0,
99999,446607274,0,
99999,449002411,0,
99999,449223345,0,
99999,451188489,0,
99999,451409000,0,
99999,515130125,0,
99999,515136263,0,
99999,525947914,0,
99999,553212478,0,
99999,553268449,0,
99999,055328942X,0,
99999,553802496,0,
99999,671028383,0,
99999,679454454,0,
99999,679776818,0,
99999,743466527,0,
99999,078688939X,0,
99999,812971043,0,
99999,1400031362,0,
99999,1558745157,0,
99999,1885171080,0,
99999,60988649,0,
99999,64400565,0,
99999,64408655,0,
99999,64410129,0,
99999,312140940,0,
99999,312982518,0,
99999,316779237,0,
99999,345389964,0,
99999,034540047X,0,
99999,345409329,0,
99999,375724370,0,
99999,380804700,0,
99999,446527033,0,
99999,451410319,0,
99999,451525264,0,
99999,452282268,0,
99999,553584375,0,
99999,067168390X,0,
99999,679432477,0,
99999,28604199,0,
99999,60198346,0,
99999,60830956,0,
99999,61056774,5,
99999,61092886,0,
99999,61093335,0,
99999,014023828X,0,
99999,015100692X,0,
99999,312199430,0,
99999,312284683,0,
99999,312974256,0,
99999,345307674,0,
99999,345316509,0,
99999,345323440,0,
99999,345333926,0,
99999,345388771,0,
99999,034539092X,0,
99999,345409973,0,
99999,345423429,0,
99999,375504397,0,
99999,380720191,0,
99999,380784491,0,
99999,380784505,0,
99999,038081093X,0,
99999,385199570,0,
99999,385260083,0,
99999,394223802,0,
99999,395083567,0,
99999,399133143,0,
99999,399142851,0,
99999,425147517,0,
99999,440114330,0,
99999,440223571,0,
99999,440224071,0,
99999,440343690,0,
99999,446608009,0,
99999,446610232,0,
99999,446667900,0,
99999,449005836,0,
99999,449211479,0,
99999,451519841,0,
99999,452278902,0,
99999,486264645,0,
99999,515127485,0,
99999,515134279,0,
99999,525941673,0,
99999,525941908,0,
99999,553278355,0,
99999,553286587,0,
99999,553297260,0,
99999,553560271,0,
99999,553560735,0,
99999,553573403,10,
99999,553584480,0,
99999,553801821,0,
99999,670813028,0,
99999,670835382,0,
99999,670868361,0,
99999,670894494,0,
99999,671517643,0,
99999,671741039,0,
99999,679417796,0,
99999,679763309,0,
99999,684801051,0,
99999,684853515,0,
99999,684853523,0,
99999,684864843,0,
99999,688177867,0,
99999,765341174,0,
99999,804114609,0,
99999,812509250,0,
99999,812542835,0,
99999,812565959,0,
99999,084232920X,0,
99999,891075275,0,
99999,1931561648,0,
99999,60932759,0,
99999,60976241,0,
99999,375706062,0,
99999,380978415,0,
99999,425169871,0,
99999,440401585,0,
99999,446517984,0,
99999,553212451,0,
99999,553269631,0,
99999,553349481,0,
99999,553574752,0,
99999,067945960X,0,
99999,1566840287,0,
99999,1576737330,0,
99999,1878424114,0,
99999,61092037,0,
99999,380816547,0,
99999,446611379,0,
99999,743411250,0,
99999,373483899,0,
99999,380775840,0,
99999,671870114,0,
99999,684835983,0,
99999,805059555,0,
99999,61091464,0,
99999,61099643,0,
99999,140386335,0,
99999,038533558X,0,
99999,425099334,0,
99999,440212812,0,
99999,446612731,0,
99999,451179285,0,
99999,051513449X,0,
99999,553266578,0,
99999,553287303,0,
99999,312971125,0,
99999,345415000,0,
99999,345459202,0,
99999,373835922,0,
99999,380753006,0,
99999,425150984,0,
99999,446523569,0,
99999,515116173,0,
99999,515118230,0,
99999,553568701,0,
99999,553579835,0,
99999,553584014,0,
99999,688170528,0,
99999,743237196,0,
99999,1551667193,0,
99999,1551669498,0,
99999,1558745017,0,
99999,61097853,0,
99999,64400581,0,
99999,64472272,0,
99999,312288115,0,
99999,312306326,0,
99999,373250134,0,
99999,373250142,0,
99999,373250193,0,
99999,373250207,0,
99999,373250282,0,
99999,385333412,0,
99999,038550926X,0,
99999,439049989,0,
99999,440419468,0,
99999,451160312,0,
99999,553582801,0,
99999,609807900,0,
99999,670894605,0,
99999,743469801,0,
99999,767907817,0,
99999,894803204,0,
99999,345438825,0,
99999,440242002,0,
99999,684803968,0,
99999,60096195,0,
99999,140067779,0,
99999,345367650,0,
99999,345409671,0,
99999,373250223,0,
99999,375705171,0,
99999,038081479X,0,
99999,380818973,0,
99999,385336810,0,
99999,425101452,0,
99999,425179230,0,
99999,449225046,0,
99999,451409256,0,
99999,452282128,0,
99999,553580930,0,
99999,590457225,0,
99999,590466186,0,
99999,767912233,0,
99999,767916069,0,
99999,770422632,0,
99999,081296683X,0,
99999,886777844,0,
99999,1573220876,0,
99999,60168013,0,
99999,140042393,0,
99999,312272057,0,
99999,316780812,0,
99999,316782262,0,
99999,375406182,0,
99999,375501371,0,
99999,375700269,0,
99999,037570910X,0,
99999,446352764,0,
99999,525946829,0,
99999,553280589,0,
99999,553582526,0,
99999,670873926,0,
99999,067091021X,0,
99999,679457313,0,
99999,679721886,0,
99999,743454529,0,
99999,804113475,0,
99999,812969812,0,
99999,842332251,0,
99999,60936363,0,
99999,99394316,0,
99999,140280553,0,
99999,312201656,0,
99999,312983417,0,
99999,345450728,0,
99999,373484232,0,
99999,374121230,0,
99999,375412824,0,
99999,375501347,0,
99999,380619458,0,
99999,380820145,0,
99999,385317093,0,
99999,385425473,0,
99999,385490992,0,
99999,385508417,0,
99999,039304016X,0,
99999,039914739X,0,
99999,425179613,0,
99999,440236851,0,
99999,440237300,0,
99999,044652087X,0,
99999,446676098,0,
99999,446677450,0,
99999,451186648,0,
99999,451207521,0,
99999,452281903,0,
99999,553256696,0,
99999,670869902,0,
99999,670894370,0,
99999,671003364,0,
99999,671034057,0,
99999,671774670,0,
99999,679446486,0,
99999,679447156,0,
99999,068487217X,0,
99999,743225724,0,
99999,771060548,0,
99999,943233437,0,
99999,1551662604,0,
99999,1570613818,0,
99999,1583224890,0,
99999,375413596,0,
99999,375502025,0,
99999,385337116,0,
99999,440217563,0,
99999,553248642,0,
99999,671787454,0,
99999,688156134,0,
99999,1400031346,0,
99999,1400077826,0,
99999,99245027,0,
99999,425186709,0,
99999,451207645,0,
99999,679412956,0,
99999,60542128,0,
99999,316603287,0,
99999,316603570,0,
99999,316693006,0,
99999,316969680,0,
99999,345360001,0,
99999,345422392,0,
99999,373218419,0,
99999,373218486,0,
99999,373218966,0,
99999,373484224,0,
99999,373484410,0,
99999,373484836,0,
99999,373790899,0,
99999,375401598,0,
99999,038531292X,0,
99999,385313012,0,
99999,385335466,0,
99999,385335490,0,
99999,385336314,0,
99999,385493800,0,
99999,399151060,0,
99999,425155188,0,
99999,425168131,0,
99999,042517140X,0,
99999,425183181,0,
99999,042518630X,0,
99999,446527041,0,
99999,446527130,0,
99999,515114693,0,
99999,515116068,0,
99999,515119652,0,
99999,671027581,0,
99999,671525425,0,
99999,671568833,0,
99999,679433015,0,
99999,679433023,0,
99999,679454470,0,
99999,679454489,0,
99999,743245520,0,
99999,743456173,0,
99999,1551667436,0,
99999,1551668084,0,
99999,1551668947,0,
99999,1551669390,0,
99999,155166951X,0,
99999,20442203,0,
99999,61044431,0,
99999,141001771,0,
99999,312963297,0,
99999,312971362,0,
99999,312989393,0,
99999,345300203,0,
99999,345391810,0,
99999,373250215,0,
99999,380796090,0,
99999,393312836,0,
99999,399141065,0,
99999,399143947,0,
99999,399146008,0,
99999,440170842,0,
99999,440220696,0,
99999,449005569,0,
99999,451180429,0,
99999,451184386,0,
99999,451205774,0,
99999,451208765,0,
99999,451408888,0,
99999,525946233,0,
99999,552998001,0,
99999,553572202,0,
99999,670031062,0,
99999,670813648,0,
99999,671443283,0,
99999,671755064,0,
99999,671880608,0,
99999,684856603,0,
99999,821770209,0,
99999,842345523,0,
99999,1551666952,0,
99999,61092002,0,
99999,399150439,0,
99999,425097609,0,
99999,440217520,0,
99999,440220793,0,
99999,446353205,0,
99999,553298178,0,
99999,067179356X,0,
99999,552137030,0,
99999,552140295,0,
99999,552146153,0,
99999,552999954,0,
99999,575400951,0,
99999,380005239,0,
99999,380815923,0,
99999,440225272,0,
99999,553297988,0,
99999,60085452,0,
99999,671737619,0,
99999,99604302,0,
99999,140280464,0,
99999,038072362X,0,
99999,380725827,0,
99999,380808072,0,
99999,385480016,0,
99999,385507593,0,
99999,394281802,0,
99999,425178951,0,
99999,425188787,0,
99999,425190641,0,
99999,451207947,0,
99999,61000175,0,
99999,142004278,0,
99999,015602943X,0,
99999,330489461,0,
99999,374527229,0,
99999,375758992,0,
99999,380816555,0,
99999,425116417,0,
99999,440237688,0,
99999,446600253,0,
99999,515128821,0,
99999,525947299,0,
99999,688163173,0,
99999,1400030382,0,
99999,1551669153,0,
99999,156439611,0,
99999,385334923,0,
99999,385482388,0,
99999,451456521,0,
99999,553562967,0,
99999,140003180X,0,
99999,042513329X,0,
99999,425167801,0,
99999,440207835,0,
99999,440216745,0,
99999,044048474X,0,
99999,441010512,0,
99999,446603082,0,
99999,446606251,0,
99999,446678457,0,
99999,451162188,0,
99999,451179188,0,
99999,515122491,0,
99999,060980619X,0,
99999,671795554,0,
99999,804107491,0,
99999,884046818,0,
99999,1551667002,0,
99999,60929871,0,
99999,345416880,0,
99999,553377884,0,
99999,140620125,0,
99999,345434803,0,
99999,380804697,0,
99999,440212561,0,
99999,440415632,0,
99999,451190491,0,
99999,451190521,0,
99999,451190548,0,
99999,451190556,0,
99999,451190572,0,
99999,767908171,0,
99999,875421180,0,
99999,345452534,0,
99999,039914787X,0,
99999,399148701,0,
99999,446530891,0,
99999,006092988X,0,
99999,60932139,0,
99999,60964049,0,
99999,61030643,0,
99999,014006690X,0,
99999,140131558,0,
99999,014034991X,0,
99999,140430113,0,
99999,226500578,0,
99999,316785261,0,
99999,399141464,0,
99999,399145923,0,
99999,039914613X,0,
99999,399148779,0,
99999,440123925,0,
99999,446530387,0,
99999,449911004,0,
99999,451180410,0,
99999,451199685,0,
99999,553572512,0,
99999,067172262X,0,
99999,679732241,0,
99999,684841347,0,
99999,786866845,0,
99999,786889608,0,
99999,812551486,0,
99999,812967240,0,
99999,967231434,0,
99999,380756269,0,
99999,044023574X,0,
99999,044990928X,0,
99999,515115630,0,
99999,552143774,0,
99999,6550681,0,
99999,60008024,0,
99999,60809833,0,
99999,60929790,0,
99999,60932813,0,
99999,60970790,0,
99999,60977744,0,
99999,61000019,0,
99999,61000027,0,
99999,61013439,0,
99999,61032093,0,
99999,61040347,0,
99999,61096083,0,
99999,61096105,0,
99999,66211611,0,
99999,99244926,0,
99999,99263815,0,
99999,99279274,0,
99999,99289520,0,
99999,99727412,0,
99999,140089225,0,
99999,140286276,0,
99999,140296409,0,
99999,140430725,0,
99999,140440046,0,
99999,141007338,0,
99999,141301155,0,
99999,142004030,0,
99999,151006903,0,
99999,312171838,0,
99999,312313810,0,
99999,312981260,0,
99999,312985207,0,
99999,316153915,0,
99999,316154059,0,
99999,316693294,0,
99999,316779490,0,
99999,316789976,0,
99999,345350472,0,
99999,345354613,0,
99999,345387554,0,
99999,345404319,0,
99999,345404475,0,
99999,345418018,0,
99999,345425707,0,
99999,345428307,0,
99999,345450892,0,
99999,345452550,0,
99999,345452569,0,
99999,345452577,0,
99999,345453816,0,
99999,373250185,0,
99999,373711646,0,
99999,037540256X,0,
99999,037541309X,0,
99999,375701427,0,
99999,375701907,0,
99999,037570924X,0,
99999,375756981,0,
99999,037582233X,0,
99999,380711079,0,
99999,380712040,0,
99999,380726289,0,
99999,380728273,0,
99999,380765462,0,
99999,380792648,0,
99999,038081918X,0,
99999,385234104,0,
99999,385507607,0,
99999,385720467,0,
99999,385722192,0,
99999,399138250,0,
99999,399145990,0,
99999,039914675X,0,
99999,399147381,0,
99999,399148027,0,
99999,399148639,0,
99999,425120279,0,
99999,425182886,0,
99999,432534220,0,
99999,440222028,0,
99999,044022859X,0,
99999,440236754,0,
99999,044024126X,0,
99999,440295653,0,
99999,440407524,0,
99999,446516570,0,
99999,446519804,0,
99999,446608122,0,
99999,446608386,0,
99999,446611638,0,
99999,446613053,0,
99999,449002985,0,
99999,449208133,0,
99999,451157443,0,
99999,451188454,0,
99999,451191137,0,
99999,451203070,0,
99999,451205626,0,
99999,451208080,0,
99999,451210638,0,
99999,451409159,0,
99999,451451430,0,
99999,452279178,0,
99999,486284999,0,
99999,515103969,0,
99999,515111279,0,
99999,051513290X,0,
99999,051513595X,0,
99999,517149257,0,
99999,052594527X,0,
99999,525945636,0,
99999,552131075,0,
99999,552142352,0,
99999,552147680,0,
99999,552149519,0,
99999,552999458,0,
99999,553249002,0,
99999,553250256,0,
99999,553273604,0,
99999,553278746,0,
99999,553290266,0,
99999,553377876,0,
99999,055337933X,0,
99999,553382179,0,
99999,553561278,0,
99999,553572393,0,
99999,553580272,0,
99999,553582763,0,
99999,553583360,0,
99999,553800973,0,
99999,553801341,0,
99999,553802461,0,
99999,571154913,0,
99999,571216420,0,
99999,590634275,0,
99999,609608444,0,
99999,609809547,0,
99999,670825379,0,
99999,670851086,0,
99999,670891576,0,
99999,671001809,0,
99999,671011375,0,
99999,671015648,0,
99999,671034022,0,
99999,671042556,0,
99999,671434225,0,
99999,067150987X,0,
99999,671525832,0,
99999,671657860,0,
99999,671660632,0,
99999,671742760,0,
99999,671759213,0,
99999,671797050,0,
99999,671867083,0,
99999,676973094,0,
99999,679410325,0,
99999,679430946,0,
99999,679450408,0,
99999,679459618,0,
99999,679459626,0,
99999,679771476,0,
99999,679777547,0,
99999,684831546,0,
99999,684835959,0,
99999,684842696,0,
99999,684862719,0,
99999,684863472,0,
99999,684871262,0,
99999,688149111,0,
99999,688162827,0,
99999,743222245,0,
99999,743225325,0,
99999,743233468,0,
99999,743262174,0,
99999,743406176,0,
99999,743448677,0,
99999,743454146,0,
99999,743477081,0,
99999,749324740,0,
99999,753804700,0,
99999,765342987,0,
99999,767903579,0,
99999,770429033,0,
99999,786885688,0,
99999,786889616,0,
99999,786889667,0,
99999,802132758,0,
99999,802132952,0,
99999,080213825X,0,
99999,811825558,0,
99999,812550307,0,
99999,836218515,0,
99999,1551666510,0,
99999,1551667894,0,
99999,1551668378,0,
99999,1573223328,0,
99999,1841721522,0,
99999,1844262553,0,
99999,1853260002,0,
99999,1853261580,0,
99999,1857022424,0,
99999,193156146X,0,
99999,2070360024,0,
99999,2253044903,0,
99999,2266104535,0,
99999,2290311782,0,
99999,3150000017,0,
99999,325722575X,0,
99999,3257227809,0,
99999,3257229534,0,
99999,3379015180,0,
99999,3404148665,0,
99999,3423202327,0,
99999,3426029553,0,
99999,3442092981,0,
99999,3442413338,0,
99999,3442433495,0,
99999,3442437407,0,
99999,3442453305,0,
99999,3442541751,0,
99999,3492045170,0,
99999,349913599X,0,
99999,3548359698,0,
99999,8497593588,0,
99999,8806142100,0,
99999,8807813025,0,
99999,316143464,0,
99999,373250126,0,
99999,452284295,0,
99999,743464672,0,
99999,767913000,0,
99999,61032425,0,
99999,312973055,0,
99999,380817144,0,
99999,671870963,0,
99999,684841177,0,
99999,765340747,0,
99999,812513738,0,
99999,552134627,0,
99999,671742515,0,
99999,689714335,0,
99999,345453409,0,
99999,671000306,0,
99999,451196716,0,
99999,743455967,0,
99999,380725835,0,
99999,425177351,0,
99999,891076182,0,
99999,440235502,0,
99999,786886463,0,
99999,375708111,0,
99999,452281679,0,
99999,155166576X,0,
99999,1580628362,0,
99999,553106341,0,
99999,006440630X,0,
99999,375701214,0,
99999,767915593,0,
99999,61031089,0,
99999,441004326,0,
99999,812513711,0,
99999,812548094,0,
99999,812551478,0,
99999,61000280,0,
99999,385475713,0,
99999,042519485X,0,
99999,671047329,0,
99999,671415085,0,
99999,812517725,0,
99999,425164349,0,
99999,553268929,0,
99999,770423345,0,
99999,770428827,0,
99999,380762587,0,
99999,515094773,0,
99999,515099511,0,
99999,553264613,0,
99999,671702505,0,
99999,671744208,0,
99999,671871005,0,
99999,380780879,0,
99999,425097773,0,
99999,425174808,0,
99999,449212750,0,
99999,515123471,0,
99999,553574604,0,
99999,671001132,0,
99999,1551666561,0,
99999,61020680,0,
99999,64472795,0,
99999,804108447,0,
99999,821772953,0,
99999,380724987,0,
99999,812540336,0,
99999,451152190,0,
99999,380793342,0,
99999,440220688,0,
99999,451168690,0,
99999,451203933,0,
99999,515131741,0,
99999,679732411,0,
99999,805019375,0,
99999,1558746161,0,
99999,765343436,0,
99999,380703122,0,
99999,451191145,0,
99999,553582925,0,
99999,671726889,0,
99999,60505885,0,
99999,446671002,0,
99999,140296298,0,
99999,452266637,0,
99999,553801376,0,
99999,067169071X,0,
99999,142000361,0,
99999,440236169,0,
99999,590112899,0,
99999,399147284,0,
99999,076790382X,0,
99999,20442408,0,
99999,451408462,0,
99999,671793578,0,
99999,804108587,0,
99999,60513640,0,
99999,140132708,0,
99999,037570485X,0,
99999,684849690,0,
99999,1551669307,0,
99999,140386645,0,
99999,156011042,0,
99999,440222826,0,
99999,679760806,0,
99999,877733759,0,
99999,452283868,0,
99999,486282112,0,
99999,679425268,0,
99999,679745653,0,
99999,316735027,0,
99999,394571029,0,
99999,051513225X,0,
99999,395869463,0,
99999,446602345,0,
99999,743225422,0,
99999,425166929,0,
99999,553351397,0,
99999,425184234,0,
99999,515094978,0,
99999,60508302,0,
99999,373835124,0,
99999,055358183X,0,
99999,1551666022,0,
99999,399143165,0,
99999,1573225126,0,
99999,380788624,0,
99999,679732764,0,
99999,380814803,0,
99999,1400031699,0,
99999,440237416,0,
99999,345395069,0,
99999,038070613X,0,
99999,055310666X,0,
99999,425141551,0,
99999,446364622,0,
99999,345308980,0,
99999,749309423,0,
99999,345440765,0,
99999,842329161,0,
99999,671756443,0,
99999,312205406,0,
99999,312993536,0,
99999,553106643,0,
99999,812522397,0,
99999,60955775,0,
99999,088730866X,0,
99999,374480095,0,
99999,553283685,0,
99999,805019359,0,
99999,553281747,0,
99999,345427653,0,
99999,042518045X,0,
99999,345358791,0,
99999,60391448,0,
99999,385501560,0,
99999,452281881,0,
99999,886777631,0,
99999,446527297,0,
99999,425154882,0,
99999,034911675X,0,
99999,156012197,0,
99999,60185147,0,
99999,312950586,0,
99999,449003701,0,
99999,330330373,0,
99999,671025341,0,
99999,140042520,0,
99999,312275420,0,
99999,553213695,0,
99999,590846280,0,
99999,920668372,0,
99999,679751319,0,
99999,316346624,0,
99999,446675776,0,
99999,553211757,0,
99999,771055706,0,
99999,399146652,0,
99999,345335287,0,
99999,61091944,0,
99999,525945725,0,
99999,446521582,0,
99999,552146986,0,
